n,p,edges,representation,operation,trial,queries,total_ns,ns_per_query,estimated_bytes
250,0.005,164,list,edge,0,10000,1019092,101.909200,6328
250,0.005,164,matrix,edge,0,10000,946231,94.623100,19016
250,0.005,164,matrix,edge,1,10000,964258,96.425800,19016
250,0.005,164,list,edge,1,10000,312332,31.233200,6328
250,0.005,164,list,edge,2,10000,214364,21.436400,6328
250,0.005,164,matrix,edge,2,10000,130468,13.046800,19016
250,0.005,164,matrix,edge,3,10000,124257,12.425700,19016
250,0.005,164,list,edge,3,10000,293644,29.364400,6328
250,0.005,164,list,edge,4,10000,257760,25.776000,6328
250,0.005,164,matrix,edge,4,10000,204370,20.437000,19016
250,0.005,164,list,neighbors,0,10000,272122,27.212200,6328
250,0.005,164,matrix,neighbors,0,10000,912179,91.217900,19016
250,0.005,164,matrix,neighbors,1,10000,1098902,109.890200,19016
250,0.005,164,list,neighbors,1,10000,270799,27.079900,6328
250,0.005,164,list,neighbors,2,10000,264050,26.405000,6328
250,0.005,164,matrix,neighbors,2,10000,487597,48.759700,19016
250,0.005,164,matrix,neighbors,3,10000,474968,47.496800,19016
250,0.005,164,list,neighbors,3,10000,272001,27.200100,6328
250,0.005,164,list,neighbors,4,10000,314415,31.441500,6328
250,0.005,164,matrix,neighbors,4,10000,459595,45.959500,19016
250,0.200,6191,list,edge,0,10000,687199,68.719900,54544
250,0.200,6191,matrix,edge,0,10000,192200,19.220000,19016
250,0.200,6191,matrix,edge,1,10000,194394,19.439400,19016
250,0.200,6191,list,edge,1,10000,707690,70.769000,54544
250,0.200,6191,list,edge,2,10000,350150,35.015000,54544
250,0.200,6191,matrix,edge,2,10000,71388,7.138800,19016
250,0.200,6191,matrix,edge,3,10000,60241,6.024100,19016
250,0.200,6191,list,edge,3,10000,535890,53.589000,54544
250,0.200,6191,list,edge,4,10000,409800,40.980000,54544
250,0.200,6191,matrix,edge,4,10000,61002,6.100200,19016
250,0.200,6191,list,neighbors,0,10000,628411,62.841100,54544
250,0.200,6191,matrix,neighbors,0,10000,3578913,357.891300,19016
250,0.200,6191,matrix,neighbors,1,10000,4182447,418.244700,19016
250,0.200,6191,list,neighbors,1,10000,476500,47.650000,54544
250,0.200,6191,list,neighbors,2,10000,504703,50.470300,54544
250,0.200,6191,matrix,neighbors,2,10000,3462568,346.256800,19016
250,0.200,6191,matrix,neighbors,3,10000,3921672,392.167200,19016
250,0.200,6191,list,neighbors,3,10000,687250,68.725000,54544
250,0.200,6191,list,neighbors,4,10000,441558,44.155800,54544
250,0.200,6191,matrix,neighbors,4,10000,3543430,354.343000,19016
500,0.005,617,list,edge,0,10000,104198,10.419800,14952
500,0.005,617,matrix,edge,0,10000,54803,5.480300,54016
500,0.005,617,matrix,edge,1,10000,131619,13.161900,54016
500,0.005,617,list,edge,1,10000,144519,14.451900,14952
500,0.005,617,list,edge,2,10000,181074,18.107400,14952
500,0.005,617,matrix,edge,2,10000,99892,9.989200,54016
500,0.005,617,matrix,edge,3,10000,35804,3.580400,54016
500,0.005,617,list,edge,3,10000,112881,11.288100,14952
500,0.005,617,list,edge,4,10000,474207,47.420700,14952
500,0.005,617,matrix,edge,4,10000,58548,5.854800,54016
500,0.005,617,list,neighbors,0,10000,164880,16.488000,14952
500,0.005,617,matrix,neighbors,0,10000,490181,49.018100,54016
500,0.005,617,matrix,neighbors,1,10000,447737,44.773700,54016
500,0.005,617,list,neighbors,1,10000,165501,16.550100,14952
500,0.005,617,list,neighbors,2,10000,200994,20.099400,14952
500,0.005,617,matrix,neighbors,2,10000,553998,55.399800,54016
500,0.005,617,matrix,neighbors,3,10000,627860,62.786000,54016
500,0.005,617,list,neighbors,3,10000,227063,22.706300,14952
500,0.005,617,list,neighbors,4,10000,129486,12.948600,14952
500,0.005,617,matrix,neighbors,4,10000,462079,46.207900,54016
500,0.200,25021,list,edge,0,10000,708081,70.808100,210184
500,0.200,25021,matrix,edge,0,10000,75293,7.529300,54016
500,0.200,25021,matrix,edge,1,10000,74513,7.451300,54016
500,0.200,25021,list,edge,1,10000,743875,74.387500,210184
500,0.200,25021,list,edge,2,10000,719058,71.905800,210184
500,0.200,25021,matrix,edge,2,10000,73031,7.303100,54016
500,0.200,25021,matrix,edge,3,10000,76476,7.647600,54016
500,0.200,25021,list,edge,3,10000,714941,71.494100,210184
500,0.200,25021,list,edge,4,10000,702773,70.277300,210184
500,0.200,25021,matrix,edge,4,10000,74352,7.435200,54016
500,0.200,25021,list,neighbors,0,10000,1035196,103.519600,210184
500,0.200,25021,matrix,neighbors,0,10000,11327508,1132.750800,54016
500,0.200,25021,matrix,neighbors,1,10000,9531217,953.121700,54016
500,0.200,25021,list,neighbors,1,10000,1822076,182.207600,210184
500,0.200,25021,list,neighbors,2,10000,2387772,238.777200,210184
500,0.200,25021,matrix,neighbors,2,10000,7884866,788.486600,54016
500,0.200,25021,matrix,neighbors,3,10000,8597524,859.752400,54016
500,0.200,25021,list,neighbors,3,10000,964849,96.484900,210184
500,0.200,25021,list,neighbors,4,10000,1010939,101.093900,210184
500,0.200,25021,matrix,neighbors,4,10000,8698953,869.895300,54016
1000,0.005,2403,list,edge,0,10000,169456,16.945600,39240
1000,0.005,2403,matrix,edge,0,10000,47982,4.798200,172016
1000,0.005,2403,matrix,edge,1,10000,46741,4.674100,172016
1000,0.005,2403,list,edge,1,10000,121113,12.111300,39240
1000,0.005,2403,list,edge,2,10000,108865,10.886500,39240
1000,0.005,2403,matrix,edge,2,10000,48093,4.809300,172016
1000,0.005,2403,matrix,edge,3,10000,42704,4.270400,172016
1000,0.005,2403,list,edge,3,10000,119140,11.914000,39240
1000,0.005,2403,list,edge,4,10000,98850,9.885000,39240
1000,0.005,2403,matrix,edge,4,10000,44567,4.456700,172016
1000,0.005,2403,list,neighbors,0,10000,192051,19.205100,39240
1000,0.005,2403,matrix,neighbors,0,10000,1069368,106.936800,172016
1000,0.005,2403,matrix,neighbors,1,10000,1103289,110.328900,172016
1000,0.005,2403,list,neighbors,1,10000,204990,20.499000,39240
1000,0.005,2403,list,neighbors,2,10000,255887,25.588700,39240
1000,0.005,2403,matrix,neighbors,2,10000,1180210,118.021000,172016
1000,0.005,2403,matrix,neighbors,3,10000,1130370,113.037000,172016
1000,0.005,2403,list,neighbors,3,10000,194785,19.478500,39240
1000,0.005,2403,list,neighbors,4,10000,160863,16.086300,39240
1000,0.005,2403,matrix,neighbors,4,10000,1252414,125.241400,172016
1000,0.200,99468,list,edge,0,10000,1375200,137.520000,815760
1000,0.200,99468,matrix,edge,0,10000,100842,10.084200,172016
1000,0.200,99468,matrix,edge,1,10000,68334,6.833400,172016
1000,0.200,99468,list,edge,1,10000,1885822,188.582200,815760
1000,0.200,99468,list,edge,2,10000,1458746,145.874600,815760
1000,0.200,99468,matrix,edge,2,10000,67222,6.722200,172016
1000,0.200,99468,matrix,edge,3,10000,59961,5.996100,172016
1000,0.200,99468,list,edge,3,10000,1217331,121.733100,815760
1000,0.200,99468,list,edge,4,10000,1154957,115.495700,815760
1000,0.200,99468,matrix,edge,4,10000,81954,8.195400,172016
1000,0.200,99468,list,neighbors,0,10000,2124308,212.430800,815760
1000,0.200,99468,matrix,neighbors,0,10000,15286932,1528.693200,172016
1000,0.200,99468,matrix,neighbors,1,10000,14385409,1438.540900,172016
1000,0.200,99468,list,neighbors,1,10000,1645970,164.597000,815760
1000,0.200,99468,list,neighbors,2,10000,1569894,156.989400,815760
1000,0.200,99468,matrix,neighbors,2,10000,15784154,1578.415400,172016
1000,0.200,99468,matrix,neighbors,3,10000,16496101,1649.610100,172016
1000,0.200,99468,list,neighbors,3,10000,1802347,180.234700,815760
1000,0.200,99468,list,neighbors,4,10000,2038804,203.880400,815760
1000,0.200,99468,matrix,neighbors,4,10000,14926096,1492.609600,172016
2000,0.005,10065,list,edge,0,10000,346064,34.606400,120536
2000,0.005,10065,matrix,edge,0,10000,123066,12.306600,600016
2000,0.005,10065,matrix,edge,1,10000,163998,16.399800,600016
2000,0.005,10065,list,edge,1,10000,240163,24.016300,120536
2000,0.005,10065,list,edge,2,10000,251701,25.170100,120536
2000,0.005,10065,matrix,edge,2,10000,77608,7.760800,600016
2000,0.005,10065,matrix,edge,3,10000,72129,7.212900,600016
2000,0.005,10065,list,edge,3,10000,230548,23.054800,120536
2000,0.005,10065,list,edge,4,10000,219392,21.939200,120536
2000,0.005,10065,matrix,edge,4,10000,73321,7.332100,600016
2000,0.005,10065,list,neighbors,0,10000,301386,30.138600,120536
2000,0.005,10065,matrix,neighbors,0,10000,2332859,233.285900,600016
2000,0.005,10065,matrix,neighbors,1,10000,2206778,220.677800,600016
2000,0.005,10065,list,neighbors,1,10000,293434,29.343400,120536
2000,0.005,10065,list,neighbors,2,10000,265302,26.530200,120536
2000,0.005,10065,matrix,neighbors,2,10000,2239788,223.978800,600016
2000,0.005,10065,matrix,neighbors,3,10000,2139697,213.969700,600016
2000,0.005,10065,list,neighbors,3,10000,283349,28.334900,120536
2000,0.005,10065,list,neighbors,4,10000,258391,25.839100,120536
2000,0.005,10065,matrix,neighbors,4,10000,2294571,229.457100,600016
2000,0.200,400205,list,edge,0,10000,1866984,186.698400,3241656
2000,0.200,400205,matrix,edge,0,10000,225681,22.568100,600016
2000,0.200,400205,matrix,edge,1,10000,72710,7.271000,600016
2000,0.200,400205,list,edge,1,10000,1683106,168.310600,3241656
2000,0.200,400205,list,edge,2,10000,1794123,179.412300,3241656
2000,0.200,400205,matrix,edge,2,10000,110747,11.074700,600016
2000,0.200,400205,matrix,edge,3,10000,145501,14.550100,600016
2000,0.200,400205,list,edge,3,10000,1919062,191.906200,3241656
2000,0.200,400205,list,edge,4,10000,1804119,180.411900,3241656
2000,0.200,400205,matrix,edge,4,10000,114934,11.493400,600016
2000,0.200,400205,list,neighbors,0,10000,10223818,1022.381800,3241656
2000,0.200,400205,matrix,neighbors,0,10000,32033533,3203.353300,600016
2000,0.200,400205,matrix,neighbors,1,10000,31654089,3165.408900,600016
2000,0.200,400205,list,neighbors,1,10000,4279923,427.992300,3241656
2000,0.200,400205,list,neighbors,2,10000,3115392,311.539200,3241656
2000,0.200,400205,matrix,neighbors,2,10000,28846492,2884.649200,600016
2000,0.200,400205,matrix,neighbors,3,10000,29001076,2900.107600,600016
2000,0.200,400205,list,neighbors,3,10000,3404259,340.425900,3241656
2000,0.200,400205,list,neighbors,4,10000,3347292,334.729200,3241656
2000,0.200,400205,matrix,neighbors,4,10000,33639216,3363.921600,600016
4000,0.005,39808,list,edge,0,10000,418273,41.827300,398480
4000,0.005,39808,matrix,edge,0,10000,60832,6.083200,2192016
4000,0.005,39808,matrix,edge,1,10000,74272,7.427200,2192016
4000,0.005,39808,list,edge,1,10000,273003,27.300300,398480
4000,0.005,39808,list,edge,2,10000,563051,56.305100,398480
4000,0.005,39808,matrix,edge,2,10000,103326,10.332600,2192016
4000,0.005,39808,matrix,edge,3,10000,52369,5.236900,2192016
4000,0.005,39808,list,edge,3,10000,243318,24.331800,398480
4000,0.005,39808,list,edge,4,10000,317460,31.746000,398480
4000,0.005,39808,matrix,edge,4,10000,217178,21.717800,2192016
4000,0.005,39808,list,neighbors,0,10000,713489,71.348900,398480
4000,0.005,39808,matrix,neighbors,0,10000,7463038,746.303800,2192016
4000,0.005,39808,matrix,neighbors,1,10000,5885422,588.542200,2192016
4000,0.005,39808,list,neighbors,1,10000,505474,50.547400,398480
4000,0.005,39808,list,neighbors,2,10000,429670,42.967000,398480
4000,0.005,39808,matrix,neighbors,2,10000,6291706,629.170600,2192016
4000,0.005,39808,matrix,neighbors,3,10000,6837146,683.714600,2192016
4000,0.005,39808,list,neighbors,3,10000,645757,64.575700,398480
4000,0.005,39808,list,neighbors,4,10000,484092,48.409200,398480
4000,0.005,39808,matrix,neighbors,4,10000,6472320,647.232000,2192016
4000,0.200,1597155,list,edge,0,10000,5556284,555.628400,12857256
4000,0.200,1597155,matrix,edge,0,10000,506546,50.654600,2192016
4000,0.200,1597155,matrix,edge,1,10000,91488,9.148800,2192016
4000,0.200,1597155,list,edge,1,10000,5056448,505.644800,12857256
4000,0.200,1597155,list,edge,2,10000,4469660,446.966000,12857256
4000,0.200,1597155,matrix,edge,2,10000,485574,48.557400,2192016
4000,0.200,1597155,matrix,edge,3,10000,169055,16.905500,2192016
4000,0.200,1597155,list,edge,3,10000,4229677,422.967700,12857256
4000,0.200,1597155,list,edge,4,10000,6137233,613.723300,12857256
4000,0.200,1597155,matrix,edge,4,10000,609432,60.943200,2192016
4000,0.200,1597155,list,neighbors,0,10000,11856273,1185.627300,12857256
4000,0.200,1597155,matrix,neighbors,0,10000,80519619,8051.961900,2192016
4000,0.200,1597155,matrix,neighbors,1,10000,63632366,6363.236600,2192016
4000,0.200,1597155,list,neighbors,1,10000,9494371,949.437100,12857256
4000,0.200,1597155,list,neighbors,2,10000,8440607,844.060700,12857256
4000,0.200,1597155,matrix,neighbors,2,10000,72315756,7231.575600,2192016
4000,0.200,1597155,matrix,neighbors,3,10000,72405232,7240.523200,2192016
4000,0.200,1597155,list,neighbors,3,10000,11827951,1182.795100,12857256
4000,0.200,1597155,list,neighbors,4,10000,9323742,932.374200,12857256
4000,0.200,1597155,matrix,neighbors,4,10000,73018699,7301.869900,2192016
